tag,split,from_frame,to_frame,particle_id,quantity,unit,before,after,delta,abs_delta_over_saved_std,zero_delta_mse
phi35_c1000,train,8,9,46463,Ev,1,0.0,0.0,0.0,0.0,0.0012137760342596615
phi35_c1000,train,8,9,15486,Ev,1,0.0,0.0,0.0,0.0,0.19909729627659567
phi35_c1000,train,8,9,15487,Ev,1,0.0,0.0,0.0,0.0,0.1827099013090594
phi35_c1000,train,8,9,15485,Ev,1,0.0,0.0,0.0,0.0,0.07178234860540825
phi35_c1000,train,8,9,15489,Ev,1,0.0,0.0,0.0,0.0,0.25875168087580025
phi35_c1000,train,8,9,15493,Ev,1,0.0,0.0,0.0,0.0,0.4780127596731135
phi35_c1000,train,8,9,15491,Ev,1,0.0,0.0,0.0,0.0,0.35771245723467493
phi35_c1000,train,8,9,15492,Ev,1,0.0,0.0,0.0,0.0,0.3468273535763622
phi35_c1000,train,8,9,15490,Ev,1,0.0,0.0,0.0,0.0,0.26887008486512814
phi35_c1000,train,8,9,15488,Ev,1,0.0,0.0,0.0,0.0,0.1716179660501812
phi35_c1000,train,8,9,46463,Sv,1,0.0,0.0,0.0,0.0,0.0012137760342596615
phi35_c1000,train,8,9,15486,Sv,1,0.0,0.0,0.0,0.0,0.19909729627659567
phi35_c1000,train,8,9,15487,Sv,1,0.0,0.0,0.0,0.0,0.1827099013090594
phi35_c1000,train,8,9,15485,Sv,1,0.0,0.0,0.0,0.0,0.07178234860540825
phi35_c1000,train,8,9,15489,Sv,1,0.0,0.0,0.0,0.0,0.25875168087580025
phi35_c1000,train,8,9,15493,Sv,1,0.0,0.0,0.0,0.0,0.4780127596731135
phi35_c1000,train,8,9,15491,Sv,1,0.0,0.0,0.0,0.0,0.35771245723467493
phi35_c1000,train,8,9,15492,Sv,1,0.0,0.0,0.0,0.0,0.3468273535763622
phi35_c1000,train,8,9,15490,Sv,1,0.0,0.0,0.0,0.0,0.26887008486512814
phi35_c1000,train,8,9,15488,Sv,1,0.0,0.0,0.0,0.0,0.1716179660501812
phi35_c1000,train,102,103,28007,all16_zero_delta_mse,normalized_squared,,,,,1262550.8233886587
phi35_c1000,train,128,129,19583,all16_zero_delta_mse,normalized_squared,,,,,1148577.7855104026
phi35_c1000,train,85,86,21767,all16_zero_delta_mse,normalized_squared,,,,,1122908.0823109688
phi35_c1000,train,146,147,23855,all16_zero_delta_mse,normalized_squared,,,,,1041038.7616809702
phi35_c1000,train,117,118,19511,all16_zero_delta_mse,normalized_squared,,,,,1006068.0036137803
phi35_c1000,train,84,85,21767,all16_zero_delta_mse,normalized_squared,,,,,957096.2606489317
phi35_c1000,train,103,104,28007,all16_zero_delta_mse,normalized_squared,,,,,945102.7685877888
phi35_c1000,train,145,146,23855,all16_zero_delta_mse,normalized_squared,,,,,935990.7060630309
phi35_c1000,train,127,128,19583,all16_zero_delta_mse,normalized_squared,,,,,848487.6952421569
phi35_c1000,train,116,117,19511,all16_zero_delta_mse,normalized_squared,,,,,667474.9038132944
phi35_c1000,train,118,119,18478,p11,Pa,-87022.703125,-639365.0,-552342.3125,1149.8079188372953,99365.21482222281
phi35_c1000,train,119,120,18478,p11,Pa,-639365.0,-125685.0,513680.0,1069.3247980134456,96202.25157412382
phi35_c1000,train,146,147,24958,p11,Pa,-560144.0,-124040.0,436104.0,907.8352704268332,318794.82211399183
phi35_c1000,train,145,146,24958,p11,Pa,-178589.0,-560144.0,-381555.0,794.2809206237739,211166.30121397393
phi35_c1000,train,128,129,17494,p11,Pa,-239936.0,-12371.7998046875,227564.203125,473.71913553521904,239377.45708278447
phi35_c1000,train,102,103,29063,p11,Pa,-44361.1015625,-255830.0,-211468.90625,440.2136455807224,130421.769896174
phi35_c1000,train,150,151,21526,p11,Pa,-289339.0,-82236.3984375,207102.59375,431.124317142539,144918.55007052576
phi35_c1000,train,189,190,20615,p11,Pa,-305968.0,-101590.0,204378.0,425.45254549211955,89326.24003062767
phi35_c1000,train,125,126,19606,p11,Pa,-195521.0,-17642.400390625,177878.59375,370.2888789375379,26018.52231268779
phi35_c1000,train,184,185,27022,p11,Pa,-250179.0,-84525.796875,165653.203125,344.83935129247953,42474.501964535084
phi35_c1000,train,128,129,17494,p22,Pa,-408371.0,-40170.19921875,368200.8125,648.6182125255546,239377.45708278447
phi35_c1000,train,146,147,24958,p22,Pa,-357451.0,-32403.400390625,325047.59375,572.6000108809038,318794.82211399183
phi35_c1000,train,102,103,29063,p22,Pa,-75154.703125,-376064.0,-300909.3125,530.0782990695967,130421.769896174
phi35_c1000,train,127,128,17494,p22,Pa,-108906.0,-408371.0,-299465.0,527.5340151889675,155294.04823764437
phi35_c1000,train,189,190,20615,p22,Pa,-433402.0,-155820.0,277582.0,488.9851802520628,89326.24003062767
phi35_c1000,train,116,117,17374,p22,Pa,-106251.0,-333678.0,-227427.0,400.632723264426,71601.34477560465
phi35_c1000,train,145,146,24958,p22,Pa,-144293.0,-357451.0,-213158.0,375.4966210062944,211166.30121397393
phi35_c1000,train,170,171,20567,p22,Pa,-229737.0,-33350.30078125,196386.703125,345.9525020595228,65243.854648374625
phi35_c1000,train,87,88,30070,p22,Pa,-79890.203125,-262672.0,-182781.796875,321.98625952589794,30496.30362451236
phi35_c1000,train,128,129,20639,p22,Pa,-189281.0,-13869.599609375,175411.40625,309.00266625150067,122056.12049379168
phi35_c1000,train,146,147,24958,p33,Pa,-1036210.0,-196921.0,839289.0,1049.083076382226,318794.82211399183
phi35_c1000,train,128,129,17494,p33,Pa,-869018.0,-61103.5,807914.5,1009.8660045750725,239377.45708278447
phi35_c1000,train,102,103,29063,p33,Pa,-172623.0,-913936.0,-741313.0,926.6163652831589,130421.769896174
phi35_c1000,train,145,146,24958,p33,Pa,-330277.0,-1036210.0,-705933.0,882.3925529343694,211166.30121397393
phi35_c1000,train,127,128,17494,p33,Pa,-255050.0,-869018.0,-613968.0,767.4393900554428,155294.04823764437
phi35_c1000,train,116,117,17374,p33,Pa,-226607.0,-733848.0,-507241.0,634.0342227137455,71601.34477560465
phi35_c1000,train,103,104,29063,p33,Pa,-913936.0,-495742.0,418194.0,522.7284618821271,65722.70466785168
phi35_c1000,train,116,117,18455,p33,Pa,-114623.0,-502594.0,-387971.0,484.9507264209213,49376.545540742736
phi35_c1000,train,84,85,21814,p33,Pa,-172837.0,-558981.0,-386144.0,482.667037750451,48120.544807424245
phi35_c1000,train,85,86,21814,p33,Pa,-558981.0,-194121.0,364860.0,456.0627522210097,41715.345361402266
phi35_c1000,train,8,9,46463,pc,Pa,0.0,0.0,0.0,0.0,0.0012137760342596615
phi35_c1000,train,8,9,15486,pc,Pa,0.0,0.0,0.0,0.0,0.19909729627659567
phi35_c1000,train,8,9,15487,pc,Pa,0.0,0.0,0.0,0.0,0.1827099013090594
phi35_c1000,train,8,9,15485,pc,Pa,0.0,0.0,0.0,0.0,0.07178234860540825
phi35_c1000,train,8,9,15489,pc,Pa,0.0,0.0,0.0,0.0,0.25875168087580025
phi35_c1000,train,8,9,15493,pc,Pa,0.0,0.0,0.0,0.0,0.4780127596731135
phi35_c1000,train,8,9,15491,pc,Pa,0.0,0.0,0.0,0.0,0.35771245723467493
phi35_c1000,train,8,9,15492,pc,Pa,0.0,0.0,0.0,0.0,0.3468273535763622
phi35_c1000,train,8,9,15490,pc,Pa,0.0,0.0,0.0,0.0,0.26887008486512814
phi35_c1000,train,8,9,15488,pc,Pa,0.0,0.0,0.0,0.0,0.1716179660501812
phi35_c1000,train,8,9,46463,rho,kg/m^3,1600.0,1600.0,0.0,0.0,0.0012137760342596615
phi35_c1000,train,8,9,15486,rho,kg/m^3,1600.0,1600.0,0.0,0.0,0.19909729627659567
phi35_c1000,train,8,9,15487,rho,kg/m^3,1600.0,1600.0,0.0,0.0,0.1827099013090594
phi35_c1000,train,8,9,15485,rho,kg/m^3,1600.0,1600.0,0.0,0.0,0.07178234860540825
phi35_c1000,train,8,9,15489,rho,kg/m^3,1600.0,1600.0,0.0,0.0,0.25875168087580025
phi35_c1000,train,8,9,15493,rho,kg/m^3,1600.0,1600.0,0.0,0.0,0.4780127596731135
phi35_c1000,train,8,9,15491,rho,kg/m^3,1600.0,1600.0,0.0,0.0,0.35771245723467493
phi35_c1000,train,8,9,15492,rho,kg/m^3,1600.0,1600.0,0.0,0.0,0.3468273535763622
phi35_c1000,train,8,9,15490,rho,kg/m^3,1600.0,1600.0,0.0,0.0,0.26887008486512814
phi35_c1000,train,8,9,15488,rho,kg/m^3,1600.0,1600.0,0.0,0.0,0.1716179660501812
phi35_c1000,train,125,126,19606,shear12,Pa,-96917.203125,67.34159851074219,96984.546875,253.02837916004336,26018.52231268779
phi35_c1000,train,119,120,18478,shear12,Pa,91540.5,6728.22998046875,-84812.2734375,221.27145789965854,96202.25157412382
phi35_c1000,train,118,119,18478,shear12,Pa,12111.599609375,91540.5,79428.8984375,207.22647140901358,99365.21482222281
phi35_c1000,train,118,119,19510,shear12,Pa,886.4669799804688,76177.0,75290.53125,196.42965505463258,8340.203138968245
phi35_c1000,train,128,129,17494,shear12,Pa,-74951.296875,-1640.1800537109375,73311.1171875,191.2654516009989,239377.45708278447
phi35_c1000,train,119,120,19510,shear12,Pa,76177.0,6564.0498046875,-69612.953125,181.61710566596722,8061.722330368264
phi35_c1000,train,124,125,19606,shear12,Pa,-27631.80078125,-96917.203125,-69285.40625,180.7625504038077,10912.548960542175
phi35_c1000,train,127,128,17494,shear12,Pa,-10006.400390625,-74951.296875,-64944.8984375,169.43835812868264,155294.04823764437
phi35_c1000,train,170,171,20567,shear12,Pa,77040.5,16493.099609375,-60547.3984375,157.96547576536756,65243.854648374625
phi35_c1000,train,181,182,24765,shear12,Pa,-13943.2001953125,40919.3984375,54862.59765625,143.13408278704742,3961.687747089155
phi35_c1000,train,189,190,20615,shear13,Pa,254927.0,69503.796875,-185423.203125,468.0984975264371,89326.24003062767
phi35_c1000,train,128,129,17494,shear13,Pa,120039.0,-11523.400390625,-131562.40625,332.12760678646987,239377.45708278447
phi35_c1000,train,179,180,27958,shear13,Pa,-66408.6015625,-168682.0,-102273.3984375,258.1878823074959,39023.39958941927
phi35_c1000,train,131,132,25847,shear13,Pa,-100814.0,-4093.02001953125,96720.9765625,244.17086451513097,45563.757879957484
phi35_c1000,train,187,188,20615,shear13,Pa,96143.796875,192835.0,96691.203125,244.09570185412056,23013.15710972498
phi35_c1000,train,127,128,17494,shear13,Pa,26605.099609375,120039.0,93433.8984375,235.87267795793272,155294.04823764437
phi35_c1000,train,180,181,27958,shear13,Pa,-168682.0,-75975.3984375,92706.6015625,234.03662632736268,54978.75726921264
phi35_c1000,train,184,185,27022,shear13,Pa,-105647.0,-13430.7001953125,92216.296875,232.7988584338041,42474.501964535084
phi35_c1000,train,116,117,17374,shear13,Pa,47047.69921875,138360.0,91312.296875,230.5167220310658,71601.34477560465
phi35_c1000,train,23,24,18407,shear13,Pa,124477.0,35642.3984375,-88834.6015625,224.26181200058983,42890.29544639215
phi35_c1000,train,146,147,24958,shear23,Pa,-294063.0,2911.989990234375,296975.0,929.5335776931278,318794.82211399183
phi35_c1000,train,145,146,24958,shear23,Pa,-116744.0,-294063.0,-177319.0,555.0095612861949,211166.30121397393
phi35_c1000,train,178,179,22606,shear23,Pa,146299.0,45657.3984375,-100641.6015625,315.0088322759724,27773.957918827633
phi35_c1000,train,184,185,27022,shear23,Pa,-106031.0,-13144.2001953125,92886.796875,290.73624587818364,42474.501964535084
phi35_c1000,train,117,118,17374,shear23,Pa,22484.400390625,114435.0,91950.6015625,287.80594878836916,42221.67883651807
phi35_c1000,train,149,150,23687,shear23,Pa,50137.5,139465.0,89327.5,279.59562475421455,46976.841659175174
phi35_c1000,train,124,125,28078,shear23,Pa,-7092.66015625,-94110.1015625,-87017.4375,272.36511491224223,23749.302155551093
phi35_c1000,train,87,88,30070,shear23,Pa,22239.900390625,104867.0,82627.1015625,258.6233364081288,30496.30362451236
phi35_c1000,train,188,189,20710,shear23,Pa,-91926.203125,-11068.400390625,80857.8046875,253.08542630047657,30501.720956460777
phi35_c1000,train,176,177,22606,shear23,Pa,103443.0,182204.0,78761.0,246.52241472409608,31469.90676047495
phi35_c1000,train,102,103,28007,vx,m/s,0.4392629861831665,-1.7404199838638306,-2.179682970046997,3266.6580613464052,1262550.8233886587
phi35_c1000,train,119,120,17422,vx,m/s,1.6030199527740479,-0.06547190248966217,-1.6684918403625488,2500.543609098116,410767.1521173627
phi35_c1000,train,118,119,17422,vx,m/s,0.009915970265865326,1.6030199527740479,1.5931040048599243,2387.560994673783,375253.8051298218
phi35_c1000,train,103,104,28007,vx,m/s,-1.7404199838638306,-0.590906023979187,1.1495139598846436,1722.7592706321113,945102.7685877888
phi35_c1000,train,119,120,17446,vx,m/s,-0.9937549829483032,0.0018449899507686496,0.9955999851226807,1492.0907131770828,151251.7218135816
phi35_c1000,train,118,119,17446,vx,m/s,-0.036378998309373856,-0.9937549829483032,-0.9573760032653809,1434.8050068671348,135759.21493736684
phi35_c1000,train,128,129,19559,vx,m/s,-0.4870229959487915,0.4571560025215149,0.9441789984703064,1415.026854405574,242420.79965502658
phi35_c1000,train,130,131,26903,vx,m/s,0.43923598527908325,-0.4177899956703186,-0.8570259809494019,1284.4119387652556,191305.20747250656
phi35_c1000,train,116,117,19511,vx,m/s,-0.5381100177764893,0.2853749990463257,0.8234850168228149,1234.1446006453991,667474.9038132944
phi35_c1000,train,128,129,17494,vx,m/s,-0.9583420157432556,-0.1397619992494583,0.8185800313949585,1226.793572808379,239377.45708278447
phi35_c1000,train,80,81,24719,vy,m/s,-0.18425600230693817,0.9797350168228149,1.1639909744262695,1675.0055322255257,395680.59450558934
phi35_c1000,train,81,82,24719,vy,m/s,0.9797350168228149,-0.12271499633789062,-1.1024500131607056,1586.446898315924,205857.32634488188
phi35_c1000,train,82,83,22823,vy,m/s,0.21419799327850342,-0.8336589932441711,-1.0478570461273193,1507.8865625310182,197739.43302113627
phi35_c1000,train,149,150,22631,vy,m/s,-0.3510429859161377,0.6610360145568848,1.0120790004730225,1456.4012626276376,585785.0062679563
phi35_c1000,train,150,151,21526,vy,m/s,-1.0049699544906616,-0.06927669793367386,0.9356932640075684,1346.4807099997947,144918.55007052576
phi35_c1000,train,88,89,27959,vy,m/s,-0.8250679969787598,0.10326000303030014,0.9283279776573181,1335.8819204437373,207196.97092830075
phi35_c1000,train,125,126,25943,vy,m/s,0.6794509887695312,-0.24870100617408752,-0.9281519651412964,1335.6286350278235,454212.7319027163
phi35_c1000,train,81,82,24935,vy,m/s,0.18851900100708008,-0.71840900182724,-0.9069280028343201,1305.0869426427482,333041.213978138
phi35_c1000,train,146,147,24958,vy,m/s,1.0353599786758423,0.15638799965381622,-0.8789719939231873,1264.8577049476928,318794.82211399183
phi35_c1000,train,145,146,25030,vy,m/s,-0.06538949906826019,0.8090459704399109,0.8744354844093323,1258.3295799882649,145635.79531718706
phi35_c1000,train,128,129,19583,vz,m/s,2.9393599033355713,0.13269199430942535,-2.8066678047180176,3936.7478894089822,1148577.7855104026
phi35_c1000,train,85,86,21767,vz,m/s,3.0493199825286865,0.27378401160240173,-2.775536060333252,3893.081222198019,1122908.0823109688
phi35_c1000,train,146,147,23855,vz,m/s,3.197269916534424,0.47710299491882324,-2.7201669216156006,3815.418187185934,1041038.7616809702
phi35_c1000,train,117,118,19511,vz,m/s,2.846640110015869,0.18417499959468842,-2.6624650955200195,3734.483228757662,1006068.0036137803
phi35_c1000,train,145,146,23855,vz,m/s,0.5773800015449524,3.197269916534424,2.619889974594116,3674.7656101764273,935990.7060630309
phi35_c1000,train,84,85,21767,vz,m/s,0.5441939830780029,3.0493199825286865,2.5051259994506836,3513.792930699853,957096.2606489317
phi35_c1000,train,127,128,19583,vz,m/s,0.6075239777565002,2.9393599033355713,2.331835985183716,3270.7292176468304,848487.6952421569
phi35_c1000,train,103,104,28007,vz,m/s,2.715970039367676,0.44845399260520935,-2.2675161361694336,3180.5115476295837,945102.7685877888
phi35_c1000,train,128,129,17518,vz,m/s,2.249160051345825,0.2464980036020279,-2.002661943435669,2809.0161456824612,559807.3952959247
phi35_c1000,train,116,117,19511,vz,m/s,0.9059820175170898,2.846640110015869,1.9406580924987793,2722.046989980918,667474.9038132944
phi35_c1000,train,103,104,28007,x,m,0.15612900257110596,0.13535800576210022,-0.020770996809005737,1205.3206330548392,945102.7685877888
phi35_c1000,train,117,118,19511,x,m,-0.14904800057411194,-0.132082000374794,0.016966000199317932,984.5204006667647,1006068.0036137803
phi35_c1000,train,22,23,29111,x,m,0.12925000488758087,0.14461499452590942,0.015364989638328552,891.6153234264406,272180.21934289456
phi35_c1000,train,22,23,17495,x,m,-0.12959299981594086,-0.1448879987001419,-0.01529499888420105,887.5538284077533,255893.6706255108
phi35_c1000,train,22,23,17375,x,m,-0.12922899425029755,-0.14422200620174408,-0.014993011951446533,870.0298220103257,287809.35588055407
phi35_c1000,train,58,59,19631,x,m,-0.11686400324106216,-0.10188800096511841,0.014976002275943756,869.0427671745089,386185.4705057347
phi35_c1000,train,22,23,28991,x,m,0.129271999001503,0.14416399598121643,0.01489199697971344,864.1680219822905,259613.2906463609
phi35_c1000,train,180,181,27958,x,m,0.12081000208854675,0.13460999727249146,0.013799995183944702,800.8002256326073,54978.75726921264
phi35_c1000,train,128,129,17494,x,m,-0.1375100016593933,-0.14973199367523193,-0.012221992015838623,709.2302449025777,239377.45708278447
phi35_c1000,train,23,24,29111,x,m,0.14461499452590942,0.1565839946269989,0.011969000101089478,694.5493714882125,157222.94437675533
phi35_c1000,train,85,86,21767,y,m,0.15416200459003448,0.12657900154590607,-0.027583003044128418,1209.526717654673,1122908.0823109688
phi35_c1000,train,114,115,28007,y,m,0.09439820051193237,0.11492899805307388,0.02053079754114151,900.2844295467536,63863.26549159063
phi35_c1000,train,115,116,28007,y,m,0.11492899805307388,0.1344739943742752,0.019544996321201324,857.0566159578326,53279.85587107946
phi35_c1000,train,113,114,28007,y,m,0.07718460261821747,0.09439820051193237,0.017213597893714905,754.8237777483184,116620.96865069616
phi35_c1000,train,117,118,17350,y,m,-0.0796763002872467,-0.09656749665737152,-0.016891196370124817,740.6863302785516,239698.38306966724
phi35_c1000,train,116,117,28007,y,m,0.1344739943742752,0.15129099786281586,0.01681700348854065,737.432940051524,44043.79112324087
phi35_c1000,train,80,81,24719,y,m,-0.149836003780365,-0.133759006857872,0.01607699692249298,704.9833292733723,395680.59450558934
phi35_c1000,train,149,150,21526,y,m,-0.13658000528812408,-0.1506190001964569,-0.014038994908332825,615.6160517939364,100976.37493355377
phi35_c1000,train,23,24,25751,y,m,-0.13876299560070038,-0.15208800137043,-0.013325005769729614,584.3073165603499,185906.34699400404
phi35_c1000,train,23,24,26015,y,m,0.13867899775505066,0.15198999643325806,0.013310998678207397,583.6930994859563,202119.5086637697
phi35_c1000,train,180,181,29014,z,m,0.4677239954471588,0.5086150169372559,0.040891021490097046,1820.7672045309087,262212.28391393356
phi35_c1000,train,102,103,28007,z,m,0.4791730046272278,0.5161049962043762,0.03693199157714844,1644.4822509011876,1262550.8233886587
phi35_c1000,train,149,150,22631,z,m,0.4725619852542877,0.5087379813194275,0.03617599606513977,1610.8198041126843,585785.0062679563
phi35_c1000,train,120,121,19678,z,m,0.48153799772262573,0.5171219706535339,0.0355839729309082,1584.458606278742,225072.67100912658
phi35_c1000,train,117,118,17350,z,m,0.47275999188423157,0.5076670050621033,0.034907013177871704,1554.3154092589584,239698.38306966724
phi35_c1000,train,80,81,24719,z,m,0.49338701367378235,0.5260530114173889,0.03266599774360657,1454.5290195121106,395680.59450558934
phi35_c1000,train,149,150,22583,z,m,0.4791269898414612,0.5117070078849792,0.032580018043518066,1450.7005747222327,385962.59599086136
phi35_c1000,train,146,147,23903,z,m,0.48735401034355164,0.5198209881782532,0.03246697783470154,1445.6671982619184,478770.13270508574
phi35_c1000,train,128,129,19607,z,m,0.4901140034198761,0.5198100209236145,0.029696017503738403,1322.2837876299377,508909.0947896865
phi35_c1000,train,146,147,23855,z,m,0.49597999453544617,0.5250459909439087,0.029065996408462524,1294.2306427918033,1041038.7616809702
